"country","iso3","price_usd","gdp_pc_usd","gdp_year","raw_valuation_pct","fitted_price","adjusted_valuation_pct"
"Switzerland","CHE",5.33,114769.01,2025,96.7,3.97,63.9
"Denmark","DNK",4.2,76970.15,2025,55,2.96,73.2
"Norway","NOR",4.16,94594.19,2025,53.5,3.43,48
"Austria","AUT",3.83,62930.04,2025,41.3,2.58,80.9
"Netherlands","NLD",3.72,73683.92,2025,37.3,2.87,58.1
"Luxembourg","LUX",3.67,147252.18,2025,35.4,4.83,-7.4
"Germany","DEU",3.49,60496.44,2025,28.8,2.52,69.1
"Belgium","BEL",3.39,60750.27,2025,25.1,2.53,63.8
"France","FRA",3.36,48985.73,2025,24,2.21,85.4
"Croatia","HRV",3.14,27103.91,2025,15.9,1.63,135.4
"Finland","FIN",3.11,56148.58,2025,14.8,2.4,57.9
"Slovenia","SVN",3.06,37376.22,2025,12.9,1.9,96.3
"Italy","ITA",3.05,43308.64,2025,12.5,2.06,80.7
"Australia","AUS",2.91,65129.72,2025,7.4,2.64,34.4
"Ireland","IRL",2.82,131592.46,2025,4.1,4.42,-22.1
"Sweden","SWE",2.73,63133.21,2025,0.7,2.59,28.7
"United States","USA",2.71,90026.52,2025,0,3.31,0
"Lithuania","LTU",2.68,32958.67,2025,-1.1,1.78,83.3
"Estonia","EST",2.66,34417.63,2025,-1.8,1.82,78.1
"Spain","ESP",2.62,38627.25,2025,-3.3,1.93,65.2
"United Kingdom","GBR",2.59,57601.96,2025,-4.4,2.44,29.4
"Malta","MLT",2.57,47906.9,2025,-5.2,2.18,43.7
"Greece","GRC",2.51,26948.01,2025,-7.4,1.62,88.7
"Montenegro","MNE",2.4,14816.84,2025,-11.4,1.3,125.3
"Costa Rica","CRI",2.37,19970.1,2025,-12.5,1.44,101.2
"Uruguay","URY",2.27,25215.82,2025,-16.2,1.58,75.6
"Serbia","SRB",2.26,15262.05,2025,-16.6,1.31,110.3
"Argentina","ARG",2.13,14898.09,2025,-21.4,1.3,99.6
"Poland","POL",2.13,28419.58,2025,-21.4,1.66,56.3
"New Zealand","NZL",2.12,49591.04,2025,-21.8,2.23,16.1
"Canada","CAN",2.07,55697.66,2025,-23.6,2.39,5.7
"Albania","ALB",2.06,12998.15,2025,-24,1.25,100.9
"Slovakia","SVK",2.05,28543.67,2025,-24.4,1.67,50.1
"Cyprus","CYP",2.02,41783.09,2025,-25.5,2.02,22.1
"Portugal","PRT",1.97,32081.81,2025,-27.3,1.76,36.5
"Romania","ROU",1.97,22537.95,2025,-27.3,1.51,59.6
"Bosnia and Herzegovina","BIH",1.94,10381.85,2025,-28.4,1.18,100.4
"Czech Republic","CZE",1.84,35917.27,2025,-32.1,1.86,20.5
"Singapore","SGP",1.81,98813.98,2025,-33.2,3.54,-37.6
"Hungary","HUN",1.78,25907.47,2025,-34.3,1.6,36.1
"Puerto Rico","PRI",1.7,40620.15,2025,-37.3,1.99,4.3
"North Macedonia","MKD",1.65,10489.93,2025,-39.1,1.18,70
"South Korea","KOR",1.63,36226.97,2025,-39.9,1.87,6.3
"Latvia","LVA",1.63,26311.97,2025,-39.9,1.61,23.8
"Bulgaria","BGR",1.61,20328.17,2025,-40.6,1.45,35.8
"Panama","PAN",1.61,19789.73,2025,-40.6,1.43,37.1
"Turkey","TUR",1.5,18599.44,2025,-44.6,1.4,30.7
"Mexico","MEX",1.48,13889.23,2025,-45.4,1.27,41.6
"Kosovo","XKX",1.46,7899.42,2025,-46.1,1.11,59.8
"Colombia","COL",1.42,8561.62,2025,-47.6,1.13,53
"Chile","CHL",1.33,17994.59,2025,-50.9,1.38,17.2
"Hong Kong","HKG",1.3,56983.07,2025,-52,2.42,-34.6
"Brazil","BRA",1.27,10713.29,2025,-53.1,1.19,30.2
"Russia","RUS",1.27,17546.61,2025,-53.1,1.37,12.9
"Japan","JPN",1.14,35951.04,2025,-57.9,1.86,-25.4
"South Africa","ZAF",1.14,6597.71,2025,-57.9,1.08,28.8
"Kazakhstan","KAZ",1.13,14692.13,2025,-58.3,1.3,6.4
"Armenia","ARM",1.11,9474.02,2025,-59,1.16,17.1
"Mauritius","MUS",1.09,12991.29,2025,-59.8,1.25,6.3
"United Arab Emirates","ARE",1.08,50273.51,2024,-60.1,2.25,-41.3
"Moldova","MDA",1.03,8621.72,2025,-62,1.13,10.8
"Dominican Republic","DOM",1,11059.21,2025,-63.1,1.2,1.7
"Georgia","GEO",1,9691.53,2025,-63.1,1.16,4.9
"Taiwan","TWN",0.99,NA,NA,-63.5,NA,NA
"Ecuador","ECU",0.98,7125.28,2025,-63.8,1.09,9.3
"Bahrain","BHR",0.94,30596.58,2025,-65.3,1.72,-33.3
"Peru","PER",0.91,9684.41,2025,-66.4,1.16,-4.5
"Azerbaijan","AZE",0.89,7410.72,2025,-67.2,1.1,-1.5
"Qatar","QAT",0.89,72524.91,2025,-67.2,2.84,-61.8
"Belarus","BLR",0.87,10279.25,2025,-67.9,1.18,-9.9
"Oman","OMN",0.84,19947.4,2025,-69,1.44,-28.7
"Ukraine","UKR",0.8,5865.88,2025,-70.5,1.06,-8
"Malaysia","MYS",0.78,13124.56,2025,-71.2,1.25,-24.1
"Saudi Arabia","SAU",0.77,34536.66,2025,-71.6,1.83,-48.5
"Zimbabwe","ZWE",0.77,3021.43,2025,-71.6,0.98,-4.6
"Philippines","PHL",0.73,4170.72,2025,-73.1,1.02,-12.3
"Kyrgyzstan","KGZ",0.71,3080.97,2025,-73.8,0.99,-12.2
"Uzbekistan","UZB",0.69,3968.27,2025,-74.5,1.01,-16.7
"Thailand","THA",0.68,8056.56,2025,-74.9,1.12,-25.9
"Tunisia","TUN",0.67,4656.64,2025,-75.3,1.03,-20.5
"Morocco","MAR",0.65,4672.47,2025,-76,1.03,-22.9
"Sri Lanka","LKA",0.63,5002.08,2025,-76.8,1.04,-25.9
"Kenya","KEN",0.62,2362.86,2025,-77.1,0.97,-21.8
"Algeria","DZA",0.6,6051,2025,-77.9,1.07,-31.3
"Kuwait","KWT",0.54,32312.31,2025,-80.1,1.77,-62.7
"Vietnam","VNM",0.51,5065.99,2025,-81.2,1.04,-40.1
"China","CHN",0.5,13861.97,2025,-81.5,1.27,-52.1
"Jordan","JOR",0.5,5347.78,2025,-81.5,1.05,-41.7
"Indonesia","IDN",0.48,5059.63,2025,-82.3,1.04,-43.6
"Nepal","NPL",0.48,1535.88,2025,-82.3,0.95,-38
"Iraq","IRQ",0.45,5409.68,2025,-83.4,1.05,-47.6
"India","IND",0.39,2702.48,2025,-85.6,0.98,-51.3
"Pakistan","PAK",0.37,1595.91,2025,-86.3,0.95,-52.3
"Egypt","EGY",0.35,3085.81,2025,-87.1,0.99,-56.7
"Bangladesh","BGD",0.32,2597.34,2025,-88.2,0.97,-59.9
