"iso3","bigmac_name","bigmac_usd","bigmac_raw","bigmac_adjusted"
"ARE","United Arab Emirates",5.17309446342758,-0.16831,-0.0984
"ARG","Argentina",5.90636958170785,-0.05042,0.19041
"AUS","Australia",5.94957499999998,-0.04348,-0.00525
"AZE","Azerbaijan",4.26470588235294,-0.31436,-0.13453
"BHR","Bahrain",4.77390266542899,-0.23249,-0.11181
"BRA","Brazil",4.70532646893796,-0.24352,-0.06021
"CAN","Canada",5.81432587268263,-0.06522,0.01635
"CHE","Switzerland",9.0419272929956,0.45369,0.48516
"CHL","Chile",5.40795370184727,-0.13055,0.06116
"CHN","China",3.91386542210669,-0.37076,-0.23784
"COL","Colombia",8.0030158082737,0.28666,0.63648
"CRI","Costa Rica",6.99564715288265,0.1247,0.38143
"CZE","Czech Republic",5.4341405788541,-0.12634,-0.00139
"DNK","Denmark",7.03729767769177,0.1314,0.19728
"EGY","Egypt",2.86958242628142,-0.53865,-0.4109
"EUZ","Euro area",7.07922094259998,0.13814,0.29141
"GBR","Britain",7.40021836709936,0.18975,0.33082
"GTM","Guatemala",4.46200081365897,-0.28264,-0.08979
"HKG","Hong Kong",3.2529866882682,-0.47701,-0.50083
"HND","Honduras",5.19237952932387,-0.16521,0.07684
"HUN","Hungary",5.29755674130052,-0.1483,-0.00154
"IDN","Indonesia",2.38029338499862,-0.61732,-0.51923
"IND","India",2.45419485528041,-0.60543,-0.49452
"ISR","Israel",7.66845597306038,0.23287,0.35213
"JOR","Jordan",3.52609308885755,-0.4331,-0.28149
"JPN","Japan",3.08384987818793,-0.5042,-0.47239
"KOR","South Korea",3.83605895416919,-0.38327,-0.32343
"KWT","Kuwait",4.52342487883683,-0.27276,-0.16829
"LBN","Lebanon",5.36013400335008,-0.13824,NA
"MDA","Moldova",4.55840455840456,-0.26714,-0.07756
"MEX","Mexico",6.26941217071207,0.00794,0.25403
"MYS","Malaysia",3.56792545365375,-0.42638,-0.30987
"NIC","Nicaragua",5.10589963494183,-0.17912,0.05935
"NOR","Norway",8.05315079524864,0.29472,0.33557
"NZL","New Zealand",5.13612000000001,-0.17426,-0.10151
"OMN","Oman",3.97350993377483,-0.36117,-0.245
"PAK","Pakistan",3.88594045156067,-0.37525,-0.1901
"PER","Peru",4.99158224296305,-0.19749,0.00543
"PHL","Philippines",2.73972602739726,-0.55953,-0.44097
"POL","Poland",6.21832951854253,-0.00027,0.19267
"QAT","Qatar",4.94369678659709,-0.20519,-0.20028
"ROU","Romania",4.00510733032859,-0.35609,-0.2463
"SAU","Saudi Arabia",5.05992010652463,-0.18651,-0.07379
"SGP","Singapore",5.77496996240456,-0.07155,-0.11441
"SWE","Sweden",7.16142792645525,0.15135,0.26582
"THA","Thailand",4.01546698393813,-0.35443,-0.18921
"TUR","Turkey",6.91085003455425,0.11107,0.38699
"TWN","Taiwan",2.42330097087379,-0.6104,-0.61863
"UKR","Ukraine",3.33555703802535,-0.46374,-0.3245
"URY","Uruguay",8.9381302128719,0.437,0.77403
"USA","United States",6.22,0,0
"VEN","Venezuela",4.50720283295702,-0.27537,NA
"VNM","Vietnam",2.89463160099789,-0.53463,-0.41179
"ZAF","South Africa",3.4854517611026,-0.43964,-0.29861
