country,iso3,price_usd
Switzerland,CHE,5.33
Denmark,DNK,4.20
Norway,NOR,4.16
Austria,AUT,3.83
Netherlands,NLD,3.72
Luxembourg,LUX,3.67
Germany,DEU,3.49
Belgium,BEL,3.39
France,FRA,3.36
Croatia,HRV,3.14
Finland,FIN,3.11
Slovenia,SVN,3.06
Italy,ITA,3.05
Australia,AUS,2.91
Ireland,IRL,2.82
Sweden,SWE,2.73
United States,USA,2.71
Lithuania,LTU,2.68
Estonia,EST,2.66
Spain,ESP,2.62
United Kingdom,GBR,2.59
Malta,MLT,2.57
Greece,GRC,2.51
Montenegro,MNE,2.40
Costa Rica,CRI,2.37
Uruguay,URY,2.27
Serbia,SRB,2.26
Argentina,ARG,2.13
Poland,POL,2.13
New Zealand,NZL,2.12
Canada,CAN,2.07
Albania,ALB,2.06
Slovakia,SVK,2.05
Cyprus,CYP,2.02
Romania,ROU,1.97
Portugal,PRT,1.97
Bosnia and Herzegovina,BIH,1.94
Czech Republic,CZE,1.84
Cuba,CUB,1.83
Singapore,SGP,1.81
Hungary,HUN,1.78
Puerto Rico,PRI,1.70
North Macedonia,MKD,1.65
Latvia,LVA,1.63
South Korea,KOR,1.63
Panama,PAN,1.61
Bulgaria,BGR,1.61
Turkey,TUR,1.50
Mexico,MEX,1.48
Kosovo,XKX,1.46
Colombia,COL,1.42
Chile,CHL,1.33
Venezuela,VEN,1.33
Hong Kong,HKG,1.30
Russia,RUS,1.27
Brazil,BRA,1.27
Japan,JPN,1.14
South Africa,ZAF,1.14
Kazakhstan,KAZ,1.13
Armenia,ARM,1.11
Mauritius,MUS,1.09
United Arab Emirates,ARE,1.08
Moldova,MDA,1.03
Georgia,GEO,1.00
Dominican Republic,DOM,1.00
Taiwan,TWN,0.99
Ecuador,ECU,0.98
Bahrain,BHR,0.94
Peru,PER,0.91
Azerbaijan,AZE,0.89
Qatar,QAT,0.89
Belarus,BLR,0.87
Oman,OMN,0.84
Ukraine,UKR,0.80
Malaysia,MYS,0.78
Zimbabwe,ZWE,0.77
Saudi Arabia,SAU,0.77
Philippines,PHL,0.73
Kyrgyzstan,KGZ,0.71
Uzbekistan,UZB,0.69
Thailand,THA,0.68
Tunisia,TUN,0.67
Morocco,MAR,0.65
Sri Lanka,LKA,0.63
Kenya,KEN,0.62
Algeria,DZA,0.60
Kuwait,KWT,0.54
Iran,IRN,0.52
Vietnam,VNM,0.51
Jordan,JOR,0.50
China,CHN,0.50
Indonesia,IDN,0.48
Nepal,NPL,0.48
Iraq,IRQ,0.45
India,IND,0.39
Pakistan,PAK,0.37
Egypt,EGY,0.35
Bangladesh,BGD,0.32
