iso3,gdp_pc_usd,year
CHE,114769.01,2025
DNK,76970.15,2025
NOR,94594.19,2025
AUT,62930.04,2025
NLD,73683.92,2025
LUX,147252.18,2025
DEU,60496.44,2025
BEL,60750.27,2025
FRA,48985.73,2025
HRV,27103.91,2025
FIN,56148.58,2025
SVN,37376.22,2025
ITA,43308.64,2025
AUS,65129.72,2025
IRL,131592.46,2025
SWE,63133.21,2025
USA,90026.52,2025
LTU,32958.67,2025
EST,34417.63,2025
ESP,38627.25,2025
GBR,57601.96,2025
MLT,47906.90,2025
GRC,26948.01,2025
MNE,14816.84,2025
CRI,19970.10,2025
URY,25215.82,2025
SRB,15262.05,2025
ARG,14898.09,2025
POL,28419.58,2025
NZL,49591.04,2025
CAN,55697.66,2025
ALB,12998.15,2025
SVK,28543.67,2025
CYP,41783.09,2025
ROU,22537.95,2025
PRT,32081.81,2025
BIH,10381.85,2025
CZE,35917.27,2025
CUB,9605.28,2020
SGP,98813.98,2025
HUN,25907.47,2025
PRI,40620.15,2025
MKD,10489.93,2025
LVA,26311.97,2025
KOR,36226.97,2025
PAN,19789.73,2025
BGR,20328.17,2025
TUR,18599.44,2025
MEX,13889.23,2025
XKX,7899.42,2025
COL,8561.62,2025
CHL,17994.59,2025
VEN,3494.81,2025
HKG,56983.07,2025
RUS,17546.61,2025
BRA,10713.29,2025
JPN,35951.04,2025
ZAF,6597.71,2025
KAZ,14692.13,2025
ARM,9474.02,2025
MUS,12991.29,2025
ARE,50273.51,2024
MDA,8621.72,2025
GEO,9691.53,2025
DOM,11059.21,2025
ECU,7125.28,2025
BHR,30596.58,2025
PER,9684.41,2025
AZE,7410.72,2025
QAT,72524.91,2025
BLR,10279.25,2025
OMN,19947.40,2025
UKR,5865.88,2025
MYS,13124.56,2025
ZWE,3021.43,2025
SAU,34536.66,2025
PHL,4170.72,2025
KGZ,3080.97,2025
UZB,3968.27,2025
THA,8056.56,2025
TUN,4656.64,2025
MAR,4672.47,2025
LKA,5002.08,2025
KEN,2362.86,2025
DZA,6051.00,2025
KWT,32312.31,2025
IRN,3924.38,2025
VNM,5065.99,2025
JOR,5347.78,2025
CHN,13861.97,2025
IDN,5059.63,2025
NPL,1535.88,2025
IRQ,5409.68,2025
IND,2702.48,2025
PAK,1595.91,2025
EGY,3085.81,2025
BGD,2597.34,2025
